{"cameraMode":{"drawMode":0,"name":"Shaded","section":"Shading Mode"},"sceneLighting":false,"audioPlay":false,"sceneViewState":{"showFog":true,"showMaterialUpdate":false,"showSkybox":false,"showFlares":true,"showImageEffects":true,"showParticleSystems":true},"in2DMode":false,"pivot":{"x":-0.6736774444580078,"y":0.29641199111938479,"z":-0.009038617834448815},"rotation":{"x":0.13151127099990846,"y":-0.040137093514204028,"z":0.005326875019818544,"w":0.9905016422271729},"size":1.670490026473999,"orthographic":false}