{"cameraMode":{"drawMode":0,"name":"Shaded","section":"Shading Mode"},"sceneLighting":true,"audioPlay":false,"sceneViewState":{"showFog":true,"showMaterialUpdate":false,"showSkybox":true,"showFlares":true,"showImageEffects":true,"showParticleSystems":true},"in2DMode":false,"pivot":{"x":1259.18115234375,"y":877.5040893554688,"z":-281.3134765625},"rotation":{"x":-0.09732840210199356,"y":-0.17645511031150819,"z":0.01726679876446724,"w":-0.9794386029243469},"size":2088.15771484375,"orthographic":false}