{"cameraMode":{"drawMode":0,"name":"Shaded","section":"Shading Mode"},"sceneLighting":false,"audioPlay":false,"sceneViewState":{"showFog":true,"showMaterialUpdate":false,"showSkybox":false,"showFlares":true,"showImageEffects":true,"showParticleSystems":true},"in2DMode":false,"pivot":{"x":330.968505859375,"y":770.998046875,"z":110.8611831665039},"rotation":{"x":-0.12224993854761124,"y":-0.13222596049308778,"z":0.0161274503916502,"w":-0.9837367534637451},"size":4260.6162109375,"orthographic":false}