{"cameraMode":{"drawMode":0,"name":"Shaded","section":"Shading Mode"},"sceneLighting":false,"audioPlay":false,"sceneViewState":{"showFog":true,"showMaterialUpdate":false,"showSkybox":false,"showFlares":true,"showImageEffects":true,"showParticleSystems":true},"in2DMode":false,"pivot":{"x":0.010000020265579224,"y":1.0069152116775513,"z":0.07464376091957092},"rotation":{"x":0.1776934266090393,"y":0.6309545040130615,"z":-0.15127746760845185,"w":0.7400967478752136},"size":3.7617342472076418,"orthographic":false}