{"cameraMode":{"drawMode":0,"name":"Shaded","section":"Shading Mode"},"sceneLighting":false,"audioPlay":false,"sceneViewState":{"showFog":true,"showMaterialUpdate":false,"showSkybox":false,"showFlares":true,"showImageEffects":true,"showParticleSystems":true},"in2DMode":false,"pivot":{"x":0.33543241024017336,"y":-0.18286097049713136,"z":0.6635627746582031},"rotation":{"x":0.04229896888136864,"y":0.0018113084370270372,"z":-0.000040889368392527103,"w":0.9991450905799866},"size":18.940492630004884,"orthographic":false}